{"cameraMode":{"drawMode":0,"name":"Shaded","section":"Shading Mode"},"sceneLighting":false,"audioPlay":false,"sceneViewState":{"m_AlwaysRefresh":false,"showFog":true,"showSkybox":false,"showFlares":true,"showImageEffects":true,"showParticleSystems":true,"showVisualEffectGraphs":true,"m_FxEnabled":true},"in2DMode":false,"pivot":{"x":1.2439976930618287,"y":1.0402418375015259,"z":1.422705888748169},"rotation":{"x":-0.05555131286382675,"y":0.09033063799142838,"z":-0.005048671737313271,"w":-0.9943407773971558},"size":2.640094041824341,"orthographic":false}