{"cameraMode":{"drawMode":0,"name":"Shaded","section":"Shading Mode"},"sceneLighting":false,"audioPlay":false,"sceneViewState":{"m_AlwaysRefresh":false,"showFog":true,"showSkybox":false,"showFlares":true,"showImageEffects":true,"showParticleSystems":true,"showVisualEffectGraphs":true,"m_FxEnabled":true},"in2DMode":false,"pivot":{"x":0.15129174292087556,"y":1.2160166501998902,"z":0.3891580104827881},"rotation":{"x":0.006904482375830412,"y":0.9847803115844727,"z":-0.16885089874267579,"w":0.04019910842180252},"size":1.187103509902954,"orthographic":false}