{"cameraMode":{"drawMode":0,"name":"Shaded","section":"Shading Mode"},"sceneLighting":false,"audioPlay":false,"sceneViewState":{"m_AlwaysRefresh":false,"showFog":true,"showSkybox":false,"showFlares":true,"showImageEffects":true,"showParticleSystems":true,"showVisualEffectGraphs":true,"m_FxEnabled":true},"in2DMode":false,"pivot":{"x":-0.11300000548362732,"y":1.194000005722046,"z":0.3969999849796295},"rotation":{"x":-0.006154813338071108,"y":0.9935428500175476,"z":0.06685718894004822,"w":0.0914653018116951},"size":1.4653126001358033,"orthographic":false}