{"cameraMode":{"drawMode":0,"name":"Shaded","section":"Shading Mode"},"sceneLighting":false,"audioPlay":false,"sceneViewState":{"m_AlwaysRefresh":false,"showFog":true,"showSkybox":false,"showFlares":true,"showImageEffects":true,"showParticleSystems":true,"showVisualEffectGraphs":true,"m_FxEnabled":true},"in2DMode":false,"pivot":{"x":-0.04046107083559036,"y":0.7056549787521362,"z":0.35861343145370486},"rotation":{"x":-0.13574697077274323,"y":0.09554468840360642,"z":-0.013154413551092148,"w":-0.9860357642173767},"size":0.4894300401210785,"orthographic":false}