{"cameraMode":{"drawMode":0,"name":"Shaded","section":"Shading Mode"},"sceneLighting":false,"audioPlay":false,"sceneViewState":{"m_AlwaysRefresh":false,"showFog":true,"showSkybox":false,"showFlares":true,"showImageEffects":true,"showParticleSystems":true,"showVisualEffectGraphs":true,"m_FxEnabled":true},"in2DMode":false,"pivot":{"x":-0.11300000548362732,"y":1.194000005722046,"z":0.3969999849796295},"rotation":{"x":-0.2545267343521118,"y":-0.08198762685060501,"z":0.021661998704075815,"w":-0.9633420705795288},"size":1.4653126001358033,"orthographic":false}